time,balance
1,100000
2,100100
3,100200
4,100300
5,100400
6,100300
7,100500
8,100600
9,100700
10,100800
11,100900
12,100800
13,101000
14,100900
15,101100
16,101000
17,101200
18,101100
19,101300
20,101400
21,101500
22,101400
23,101600
24,101700
25,101800
26,101700
27,101500
28,101100
29,100300
30,98700
31,95500
32,89100
33,76300
34,101900
35,102000
36,102100
37,102200
38,102100
39,102300
40,102400
41,102500
42,102400
43,102200
44,102600
45,102700
46,102800
47,102700
48,102500
49,102100
50,102900
51,103000
52,103100
53,103000
54,102800
55,103200
56,103100
57,102900
58,102500
59,101700
60,103300
61,103200
62,103400
63,103300
64,103500
65,103400
66,103200
67,102800
68,102000
69,100400
70,97200
71,90800
72,103600
73,103500
74,103700
75,103600
76,103400
77,103800
78,103700
79,103900
80,104000
81,103900
82,103700
83,104100
84,104000
85,104200
86,104300
87,104400
88,104300
89,104500
90,104600
91,104500
92,104700
93,104600
94,104400
95,104800
96,104900
97,104800
98,104600
99,104200
100,105000
101,105100
102,105000
103,105200
104,105100
105,105300
106,105400
107,105500
108,105600
109,105500
110,105700
111,105600
112,105400
113,105000
114,104200
115,105800
116,105900
117,105800
118,106000
119,105900
120,106100
121,106000
122,106200
123,106100
124,106300
125,106200
126,106000
127,106400
128,106300
129,106500
130,106400
131,106200
132,106600
133,106700
134,106600
135,106800
136,106700
137,106900
138,106800
139,107000
140,106900
141,107100
142,107200
143,107100
144,107300
145,107400
146,107300
147,107100
148,107500
149,107400
150,107600
151,107700
152,107800
153,107900
154,107800
155,107600
156,107200
157,108000
158,107900
159,108100
160,108000
161,108200
162,108300
163,108200
164,108400
165,108500
166,108400
167,108200
168,108600
169,108700
170,108600
171,108400
172,108800
173,108900
174,109000
175,109100
176,109000
177,108800
178,109200
179,109300
180,109400
181,109500
182,109600
183,109500
184,109300
185,108900
186,108100
187,109700
188,109800
189,109900
190,110000
191,110100
192,110000
193,110200
194,110100
195,110300
196,110200
197,110400
198,110300
199,110500
200,110600
201,110700
202,110600
203,110400
204,110000
205,109200
206,107600
207,104400
208,98000
209,85200
210,110800
211,110900
212,111000
213,110900
214,111100
215,111200
216,111300
217,111200
218,111000
219,110600
220,111400
221,111500
222,111600
223,111700
224,111600
225,111400
226,111800
227,111900
228,111800
229,111600
230,111200
231,112000
232,112100
233,112200
234,112100
235,112300
236,112400
237,112500
238,112600
239,112500
240,112700
241,112600
242,112400
243,112800
244,112700
245,112900
246,113000
247,112900
248,112700
249,112300
250,113100
251,113000
252,113200
253,113100
254,113300
255,113400
256,113500
257,113600
258,113500
259,113300
260,112900
261,113700
262,113800
263,113700
264,113500
265,113100
266,113900
267,114000
268,113900
269,114100
270,114200
271,114300
272,114200
273,114400
274,114500
275,114400
276,114600
277,114500
278,114300
279,114700
280,114800
281,114700
282,114900
283,114800
284,115000
285,114900
286,115100
287,115000
288,115200
289,115100
290,115300
291,115200
292,115000
293,114600
294,113800
295,115400
296,115500
297,115400
298,115600
299,115500
300,115700
301,115800
302,115900
303,116000
304,115900
305,115700
306,115300
307,114500
308,112900
309,109700
310,116100
311,116200
312,116300
313,116200
314,116000
315,116400
316,116300
317,116500
318,116600
319,116700
320,116800
321,116700
322,116500
323,116100
324,115300
325,113700
326,116900
327,117000
328,117100
329,117000
330,117200
331,117100
332,116900
333,117300
334,117200
335,117000
336,116600
337,117400
338,117300
339,117100
340,116700
341,117500
342,117600
343,117700
344,117600
345,117400
346,117800
347,117900
348,118000
349,117900
350,118100
351,118000
352,117800
353,117400
354,118200
355,118100
356,118300
357,118200
358,118000
359,118400
360,118300
361,118500
362,118600
363,118500
364,118300
365,117900
366,118700
367,118600
368,118800
369,118900
370,118800
371,119000
372,119100
373,119200
374,119300
375,119200
376,119000
377,119400
378,119500
379,119400
380,119600
381,119500
382,119700
383,119800
384,119700
385,119500
386,119100
387,119900
388,120000
389,119900
390,119700
391,119300
392,120100
393,120000
394,119800
395,120200
396,120100
397,120300
398,120400
399,120300
400,120100
401,119700
402,120500
403,120600
404,120700
405,120600
406,120800
407,120700
408,120500
409,120900
410,120800
411,120600
412,121000
413,120900
414,121100
415,121200
416,121100
417,120900
418,120500
419,121300
420,121200
421,121000
422,121400
423,121300
424,121500
425,121400
426,121200
427,120800
428,121600
429,121700
430,121600
431,121400
432,121800
433,121900
434,122000
435,121900
436,121700
437,121300
438,120500
439,122100
440,122000
441,121800
442,121400
443,120600
444,122200
445,122300
446,122400
447,122300
448,122500
449,122600
450,122500
451,122300
452,122700
453,122800
454,122900
455,122800
456,122600
457,123000
458,123100
459,123200
460,123300
461,123200
462,123400
463,123300
464,123100
465,122700
466,123500
467,123600
468,123500
469,123300
470,122900
471,123700
472,123600
473,123800
474,123900
475,123800
476,123600
477,124000
478,124100
479,124000
480,124200
481,124300
482,124400
483,124500
484,124400
485,124600
486,124500
487,124700
488,124600
489,124800
490,124900
491,124800
492,125000
493,125100
494,125000
495,125200
496,125100
497,125300
498,125400
499,125300
500,125100
501,124700
502,123900
503,125500
504,125400
505,125200
506,124800
507,124000
508,122400
509,125600
510,125500
511,125700
512,125800
513,125700
514,125900
515,126000
516,125900
517,125700
518,126100
519,126000
520,126200
521,126100
522,126300
523,126400
524,126500
525,126600
526,126700
527,126800
528,126900
529,126800
530,126600
531,126200
532,127000
533,127100
534,127200
535,127300
536,127200
537,127000
538,126600
539,125800
540,124200
541,121000
542,127400
543,127300
544,127500
545,127400
546,127200
547,126800
548,127600
549,127700
550,127800
551,127700
552,127900
553,128000
554,127900
555,128100
556,128200
557,128100
558,127900
559,128300
560,128200
561,128000
562,128400
563,128300
564,128500
565,128400
566,128600
567,128500
568,128700
569,128800
570,128700
571,128900
572,128800
573,128600
574,129000
575,128900
576,128700
577,129100
578,129200
579,129300
580,129200
581,129400
582,129300
583,129500
584,129600
585,129700
586,129600
587,129400
588,129000
589,128200
590,129800
591,129700
592,129900
593,130000
594,129900
595,129700
596,129300
597,128500
598,126900
599,130100
600,130200
601,130100
602,130300
603,130200
604,130000
605,129600
606,128800
607,127200
608,130400
609,130500
610,130600
611,130700
612,130600
613,130800
614,130700
615,130900
616,131000
617,130900
618,131100
619,131000
620,130800
621,130400
622,129600
623,128000
624,124800
625,131200
626,131100
627,131300
628,131400
629,131300
630,131500
631,131400
632,131200
633,130800
634,131600
635,131700
636,131600
637,131800
638,131900
639,132000
640,132100
641,132200
642,132100
643,132300
644,132200
645,132400
646,132500
647,132400
648,132600
649,132700
650,132800
651,132900
652,133000
653,132900
654,132700
655,133100
656,133000
657,133200
658,133300
659,133400
660,133300
661,133500
662,133400
663,133200
664,133600
665,133700
666,133800
667,133900
668,134000
669,134100
670,134000
671,134200
672,134300
673,134400
674,134500
675,134400
676,134600
677,134700
678,134600
679,134400
680,134000
681,133200
682,134800
683,134900
684,135000
685,134900
686,135100
687,135200
688,135100
689,135300
690,135200
691,135400
692,135500
693,135600
694,135500
695,135300
696,135700
697,135600
698,135800
699,135700
700,135900
701,136000
702,136100
703,136200
704,136100
705,135900
706,135500
707,134700
708,133100
709,129900
710,136300
711,136400
712,136300
713,136500
714,136600
715,136500
716,136700
717,136600
718,136400
719,136000
720,136800
721,136900
722,136800
723,136600
724,136200
725,135400
726,137000
727,137100
728,137200
729,137100
730,137300
731,137400
732,137300
733,137100
734,136700
735,137500
736,137600
737,137700
738,137800
739,137900
740,138000
741,138100
742,138000
743,138200
744,138100
745,137900
746,137500
747,138300
748,138200
749,138000
750,138400
751,138500
752,138400
753,138600
754,138500
755,138700
756,138600
757,138800
758,138700
759,138500
760,138900
761,138800
762,138600
763,139000
764,139100
765,139200
766,139300
767,139400
768,139500
769,139400
770,139600
771,139500
772,139300
773,138900
774,139700
775,139800
776,139700
777,139500
778,139100
779,138300
780,136700
781,133500
782,139900
783,139800
784,139600
785,139200
786,138400
787,136800
788,133600
789,127200
790,140000
791,140100
792,140200
793,140100
794,140300
795,140400
796,140300
797,140500
798,140400
799,140600
800,140500
801,140700
802,140800
803,140700
804,140500
805,140100
806,139300
807,140900
808,140800
809,141000
810,140900
811,140700
812,141100
813,141000
814,141200
815,141300
816,141400
817,141300
818,141500
819,141600
820,141500
821,141700
822,141800
823,141900
824,141800
825,141600
826,141200
827,140400
828,142000
829,141900
830,142100
831,142200
832,142100
833,141900
834,142300
835,142400
836,142300
837,142500
838,142400
839,142600
840,142700
841,142800
842,142700
843,142900
844,142800
845,143000
846,142900
847,143100
848,143000
849,142800
850,142400
851,143200
852,143300
853,143400
854,143300
855,143100
856,142700
857,141900
858,143500
859,143400
860,143200
861,143600
862,143700
863,143600
864,143800
865,143700
866,143500
867,143100
868,143900
869,144000
870,143900
871,143700
872,143300
873,144100
874,144200
875,144100
876,143900
877,144300
878,144200
879,144000
880,144400
881,144300
882,144500
883,144600
884,144500
885,144700
886,144600
887,144400
888,144000
889,144800
890,144700
891,144900
892,145000
893,145100
894,145200
895,145300
896,145200
897,145400
898,145500
899,145600
900,145700
901,145600
902,145400
903,145800
904,145700
905,145900
906,146000
907,145900
908,145700
909,146100
910,146200
911,146300
912,146200
913,146000
914,146400
915,146300
916,146100
917,145700
918,144900
919,146500
920,146400
921,146600
922,146700
923,146600
924,146400
925,146800
926,146700
927,146900
928,147000
929,147100
930,147000
931,146800
932,146400
933,147200
934,147300
935,147200
936,147400
937,147300
938,147500
939,147600
940,147500
941,147700
942,147800
943,147700
944,147500
945,147100
946,147900
947,148000
948,148100
949,148200
950,148300
951,148200
952,148400
953,148500
954,148400
955,148200
956,148600
957,148700
958,148800
959,148700
960,148900
961,148800
962,148600
963,148200
964,147400
965,149000
966,148900
967,149100
968,149000
969,148800
970,148400
971,147600
972,146000
973,149200
974,149100
975,149300
976,149200
977,149000
978,148600
979,147800
980,149400
981,149500
982,149600
983,149700
984,149600
985,149800
986,149700
987,149500
988,149100
989,149900
990,149800
991,150000
992,149900
993,150100
994,150200
995,150300
996,150400
997,150300
998,150100
999,150500
1000,150600
1001,150700
1002,150600
1003,150800
1004,150700
1005,150500
1006,150900
1007,151000
1008,151100
1009,151200
1010,151300
1011,151400
1012,151300
1013,151100
1014,151500
1015,151600
1016,151500
1017,151300
1018,150900
1019,151700
1020,151600
1021,151400
1022,151000
1023,150200
1024,148600
1025,145400
1026,151800
1027,151900
1028,152000
1029,151900
1030,152100
1031,152200
1032,152100
1033,151900
1034,151500
1035,150700
1036,152300
1037,152400
1038,152300
1039,152100
1040,151700
1041,150900
1042,149300
1043,152500
1044,152400
1045,152200
1046,152600
1047,152700
1048,152600
1049,152400
1050,152000
1051,152800
1052,152700
1053,152900
1054,152800
1055,152600
1056,152200
1057,151400
1058,149800
1059,153000
1060,153100
1061,153000
1062,152800
1063,152400
1064,153200
1065,153300
1066,153200
1067,153400
1068,153300
1069,153500
1070,153400
1071,153600
1072,153500
1073,153300
1074,152900
1075,152100
1076,153700
1077,153800
1078,153900
1079,153800
1080,154000
1081,154100
1082,154000
1083,154200
1084,154100
1085,153900
1086,153500
1087,152700
1088,151100
1089,154300
1090,154200
1091,154000
1092,154400
1093,154300
1094,154500
1095,154600
1096,154500
1097,154700
1098,154600
1099,154400
1100,154800
1101,154900
1102,154800
1103,154600
1104,154200
1105,153400
1106,155000
1107,155100
1108,155200
1109,155100
1110,154900
1111,154500
1112,155300
1113,155400
1114,155500
1115,155600
1116,155500
1117,155300
1118,154900
1119,154100
1120,155700
1121,155600
1122,155800
1123,155900
1124,156000
1125,156100
1126,156000
1127,155800
1128,156200
1129,156300
1130,156200
1131,156400
1132,156300
1133,156100
1134,155700
1135,156500
1136,156600
1137,156700
1138,156800
1139,156700
1140,156500
1141,156100
1142,155300
1143,153700
1144,150500
1145,156900
1146,156800
1147,157000
1148,157100
1149,157000
1150,156800
1151,156400
1152,157200
1153,157100
1154,156900
1155,157300
1156,157200
1157,157400
1158,157300
1159,157500
1160,157400
1161,157600
1162,157500
1163,157300
1164,157700
1165,157600
1166,157400
1167,157000
1168,157800
1169,157900
1170,158000
1171,157900
1172,158100
1173,158000
1174,158200
1175,158300
1176,158400
1177,158300
1178,158100
1179,157700
1180,158500
1181,158400
1182,158200
1183,158600
1184,158700
1185,158600
1186,158800
1187,158700
1188,158900
1189,158800
1190,158600
1191,159000
1192,158900
1193,158700
1194,158300
1195,157500
1196,155900
1197,152700
1198,159100
1199,159200
1200,159100
1201,158900
1202,159300
1203,159400
1204,159500
1205,159400
1206,159200
1207,159600
1208,159700
1209,159600
1210,159800
1211,159900
1212,159800
1213,160000
1214,159900
1215,160100
1216,160200
1217,160300
1218,160400
1219,160300
1220,160100
1221,160500
1222,160400
1223,160200
1224,159800
1225,159000
1226,160600
1227,160500
1228,160300
1229,160700
1230,160800
1231,160900
1232,161000
1233,160900
1234,160700
1235,160300
1236,161100
1237,161000
1238,160800
1239,160400
1240,161200
1241,161300
1242,161400
1243,161500
1244,161400
1245,161200
1246,160800
1247,160000
1248,161600
1249,161700
1250,161800
1251,161700
1252,161900
1253,162000
1254,161900
1255,161700
1256,162100
1257,162200
1258,162100
1259,161900
1260,161500
1261,160700
1262,159100
1263,155900
1264,162300
1265,162400
1266,162500
1267,162600
1268,162500
1269,162700
1270,162800
1271,162900
1272,162800
1273,163000
1274,163100
1275,163000
1276,163200
1277,163100
1278,162900
1279,163300
1280,163200
1281,163000
1282,162600
1283,163400
1284,163300
1285,163100
1286,162700
1287,161900
1288,160300
1289,157100
1290,150700
1291,163500
1292,163400
1293,163600
1294,163500
1295,163700
1296,163600
1297,163800
1298,163700
1299,163500
1300,163100
1301,162300
1302,160700
1303,163900
1304,164000
1305,164100
1306,164200
1307,164100
1308,163900
1309,164300
1310,164400
1311,164500
1312,164400
1313,164200
1314,164600
1315,164500
1316,164300
1317,164700
1318,164800
1319,164900
1320,164800
1321,164600
1322,164200
1323,165000
1324,164900
1325,164700
1326,164300
1327,165100
1328,165000
1329,165200
1330,165100
1331,164900
1332,164500
1333,163700
1334,162100
1335,158900
1336,152500
1337,139700
1338,114100
1339,165300
1340,165200
1341,165000
1342,164600
1343,163800
1344,165400
1345,165500
1346,165400
1347,165200
1348,165600
1349,165500
1350,165300
1351,165700
1352,165600
1353,165400
1354,165800
1355,165900
1356,165800
1357,165600
1358,165200
1359,164400
1360,166000
1361,165900
1362,166100
1363,166200
1364,166300
1365,166400
1366,166300
1367,166500
1368,166400
1369,166200
1370,165800
1371,166600
1372,166500
1373,166300
1374,166700
1375,166600
1376,166400
1377,166800
1378,166700
1379,166900
1380,167000
1381,167100
1382,167200
1383,167100
1384,166900
1385,166500
1386,167300
1387,167400
1388,167300
1389,167100
1390,166700
1391,165900
1392,164300
1393,167500
1394,167600
1395,167700
1396,167600
1397,167800
1398,167900
1399,167800
1400,168000
1401,168100
1402,168200
1403,168300
1404,168400
1405,168300
1406,168500
1407,168600
1408,168500
1409,168700
1410,168800
1411,168700
1412,168900
1413,168800
1414,168600
1415,168200
1416,169000
1417,168900
1418,168700
1419,169100
1420,169000
1421,168800
1422,168400
1423,167600
1424,166000
1425,162800
1426,156400
1427,169200
1428,169100
1429,168900
1430,169300
1431,169200
1432,169000
1433,168600
1434,169400
1435,169300
1436,169100
1437,169500
1438,169400
1439,169200
1440,169600
1441,169500
1442,169300
1443,168900
1444,168100
1445,169700
1446,169800
1447,169700
1448,169500
1449,169100
1450,168300
1451,169900
1452,170000
1453,169900
1454,169700
1455,169300
1456,168500
1457,170100
1458,170000
1459,170200
1460,170300
1461,170200
1462,170000
1463,169600
1464,170400
1465,170300
1466,170500
1467,170600
1468,170700
1469,170800
1470,170700
1471,170900
1472,170800
1473,171000
1474,170900
1475,170700
1476,170300
1477,169500
1478,171100
1479,171200
1480,171300
1481,171400
1482,171300
1483,171100
1484,171500
1485,171600
1486,171700
1487,171600
1488,171800
1489,171900
1490,171800
1491,171600
1492,171200
1493,172000
1494,172100
1495,172000
1496,171800
1497,171400
1498,172200
1499,172100
1500,172300
1501,172200
1502,172400
1503,172300
1504,172500
1505,172400
1506,172600
1507,172700
1508,172800
1509,172900
1510,173000
1511,172900
1512,173100
1513,173200
1514,173100
1515,172900
1516,173300
1517,173400
1518,173300
1519,173500
1520,173600
1521,173500
1522,173700
1523,173600
1524,173400
1525,173000
1526,173800
1527,173700
1528,173900
1529,173800
1530,174000
1531,173900
1532,173700
1533,174100
1534,174000
1535,174200
1536,174300
1537,174200
1538,174000
1539,174400
1540,174500
1541,174600
1542,174700
1543,174800
1544,174700
1545,174900
1546,174800
1547,175000
1548,175100
1549,175000
1550,175200
1551,175100
1552,174900
1553,174500
1554,173700
1555,172100
1556,168900
1557,175300
1558,175200
1559,175400
1560,175500
1561,175600
1562,175500
1563,175300
1564,174900
1565,175700
1566,175600
1567,175400
1568,175800
1569,175700
1570,175500
1571,175900
1572,175800
1573,176000
1574,175900
1575,176100
1576,176000
1577,176200
1578,176300
1579,176400
1580,176300
1581,176500
1582,176600
1583,176700
1584,176600
1585,176400
1586,176000
1587,175200
1588,176800
1589,176900
1590,176800
1591,176600
1592,177000
1593,177100
1594,177000
1595,177200
1596,177300
1597,177400
1598,177500
1599,177600
1600,177700
1601,177600
1602,177800
1603,177700
1604,177500
1605,177100
1606,177900
1607,177800
1608,178000
1609,177900
1610,178100
1611,178000
1612,178200
1613,178300
1614,178200
1615,178400
1616,178500
1617,178400
1618,178200
1619,178600
1620,178700
1621,178800
1622,178900
1623,179000
1624,178900
1625,179100
1626,179000
1627,178800
1628,178400
1629,177600
1630,176000
1631,172800
1632,179200
1633,179100
1634,178900
1635,178500
1636,179300
1637,179200
1638,179000
1639,178600
1640,179400
1641,179500
1642,179400
1643,179600
1644,179700
1645,179800
1646,179900
1647,180000
1648,180100
1649,180000
1650,179800
1651,179400
1652,180200
1653,180100
1654,180300
1655,180400
1656,180300
1657,180100
1658,179700
1659,178900
1660,180500
1661,180600
1662,180500
1663,180300
1664,179900
1665,179100
1666,177500
1667,174300
1668,167900
1669,180700
1670,180800
1671,180900
1672,180800
1673,180600
1674,180200
1675,181000
1676,180900
1677,181100
1678,181200
1679,181100
1680,180900
1681,180500
1682,179700
1683,178100
1684,181300
1685,181400
1686,181500
1687,181600
1688,181500
1689,181700
1690,181800
1691,181700
1692,181500
1693,181900
1694,181800
1695,181600
1696,182000
1697,181900
1698,182100
1699,182000
1700,181800
1701,182200
1702,182300
1703,182200
1704,182000
1705,181600
1706,180800
1707,179200
1708,176000
1709,182400
1710,182300
1711,182500
1712,182400
1713,182600
1714,182500
1715,182300
1716,182700
1717,182800
1718,182900
1719,183000
1720,183100
1721,183200
1722,183300
1723,183400
1724,183500
1725,183400
1726,183600
1727,183500
1728,183300
1729,182900
1730,183700
1731,183600
1732,183400
1733,183800
1734,183900
1735,183800
1736,184000
1737,183900
1738,184100
1739,184000
1740,183800
1741,184200
1742,184100
1743,183900
1744,184300
1745,184400
1746,184500
1747,184600
1748,184700
1749,184800
1750,184900
1751,184800
1752,184600
1753,185000
1754,184900
1755,185100
1756,185000
1757,185200
1758,185100
1759,185300
1760,185400
1761,185500
1762,185600
1763,185500
1764,185300
1765,184900
1766,185700
1767,185600
1768,185800
1769,185900
1770,185800
1771,185600
1772,185200
1773,186000
1774,185900
1775,185700
1776,185300
1777,186100
1778,186000
1779,186200
1780,186300
1781,186200
1782,186400
1783,186300
1784,186500
1785,186400
1786,186600
1787,186500
1788,186700
1789,186800
1790,186700
1791,186900
1792,187000
1793,187100
1794,187200
1795,187300
1796,187400
1797,187500
1798,187400
1799,187600
1800,187500
1801,187700
1802,187800
1803,187900
1804,187800
1805,187600
1806,187200
1807,186400
1808,188000
1809,187900
1810,187700
1811,187300
1812,188100
1813,188200
1814,188300
1815,188400
1816,188500
1817,188600
1818,188700
1819,188800
1820,188900
1821,188800
1822,188600
1823,189000
1824,188900
1825,188700
1826,189100
1827,189200
1828,189100
1829,189300
1830,189400
1831,189300
1832,189100
1833,189500
1834,189400
1835,189200
1836,189600
1837,189500
1838,189300
1839,189700
1840,189600
1841,189800
1842,189700
1843,189500
1844,189900
1845,190000
1846,190100
1847,190200
1848,190300
1849,190400
1850,190500
1851,190600
1852,190500
1853,190300
1854,189900
1855,189100
1856,187500
1857,190700
1858,190800
1859,190900
1860,191000
1861,190900
1862,190700
1863,190300
1864,189500
1865,191100
1866,191200
1867,191300
1868,191200
1869,191400
1870,191500
1871,191600
1872,191500
1873,191700
1874,191800
1875,191900
1876,191800
1877,192000
1878,191900
1879,192100
1880,192000
1881,191800
1882,191400
1883,192200
1884,192300
1885,192200
1886,192000
1887,192400
1888,192500
1889,192400
1890,192200
1891,192600
1892,192700
1893,192800
1894,192900
1895,192800
1896,192600
1897,193000
1898,193100
1899,193000
1900,193200
1901,193100
1902,193300
1903,193200
1904,193000
1905,193400
1906,193300
1907,193500
1908,193600
1909,193700
1910,193800
1911,193900
1912,193800
1913,194000
1914,194100
1915,194200
1916,194300
1917,194400
1918,194500
1919,194400
1920,194600
1921,194700
1922,194600
1923,194400
1924,194000
1925,193200
1926,191600
1927,188400
1928,194800
1929,194700
1930,194900
1931,194800
1932,194600
1933,194200
1934,195000
1935,195100
1936,195200
1937,195300
1938,195400
1939,195300
1940,195100
1941,195500
1942,195400
1943,195600
1944,195700
1945,195800
1946,195900
1947,196000
1948,195900
1949,195700
1950,195300
1951,194500
1952,196100
1953,196000
1954,196200
1955,196300
1956,196200
1957,196000
1958,196400
1959,196300
1960,196100
1961,195700
1962,194900
1963,193300
1964,190100
1965,183700
1966,196500
1967,196600
1968,196500
1969,196700
1970,196600
1971,196400
1972,196800
1973,196900
1974,197000
1975,197100
1976,197200
1977,197100
1978,197300
1979,197200
1980,197000
1981,196600
1982,195800
1983,194200
1984,191000
1985,184600
1986,197400
1987,197300
1988,197100
1989,196700
1990,195900
1991,194300
1992,191100
1993,197500
1994,197400
1995,197200
1996,197600
1997,197500
1998,197300
1999,196900
2000,197700
2001,197600
2002,197800
2003,197700
2004,197900
2005,197800
2006,197600
2007,198000
2008,197900
2009,197700
2010,198100
2011,198200
2012,198100
2013,197900
2014,197500
2015,196700
2016,195100
2017,191900
2018,185500
2019,172700
2020,147100
2021,198300
2022,198400
2023,198300
2024,198500
2025,198600
2026,198500
2027,198300
2028,198700
2029,198600
2030,198800
2031,198900
2032,198800
2033,198600
2034,198200
2035,199000
2036,199100
2037,199000
2038,199200
2039,199300
2040,199200
2041,199000
2042,199400
2043,199500
2044,199600
2045,199700
2046,199600
2047,199800
2048,199900
2049,200000
2050,199900
2051,199700
2052,199300
2053,198500
2054,200100
2055,200200
2056,200300
2057,200200
2058,200000
2059,200400
2060,200500
2061,200400
2062,200600
2063,200500
2064,200300
2065,200700
2066,200600
2067,200400
2068,200000
2069,199200
2070,200800
2071,200700
2072,200500
2073,200900
2074,201000
2075,201100
2076,201000
2077,200800
2078,200400
2079,201200
2080,201300
2081,201200
2082,201000
2083,201400
2084,201300
2085,201500
2086,201600
2087,201500
2088,201700
2089,201800
2090,201700
2091,201500
2092,201900
2093,202000
2094,201900
2095,201700
2096,201300
2097,200500
2098,198900
2099,202100
2100,202200
2101,202100
2102,202300
2103,202200
2104,202000
2105,202400
2106,202500
2107,202600
2108,202700
2109,202800
2110,202900
2111,203000
2112,203100
2113,203000
2114,202800
2115,203200
2116,203300
2117,203400
2118,203500
2119,203600
2120,203500
2121,203700
2122,203600
2123,203800
2124,203900
2125,204000
2126,203900
2127,203700
2128,203300
2129,204100
2130,204200
2131,204300
2132,204200
2133,204000
2134,203600
2135,202800
2136,204400
2137,204300
2138,204500
2139,204600
2140,204700
2141,204600
2142,204800
2143,204900
2144,205000
2145,205100
2146,205200
2147,205300
2148,205200
2149,205000
2150,205400
2151,205300
2152,205100
2153,204700
2154,203900
2155,202300
2156,205500
2157,205600
2158,205700
2159,205600
2160,205800
2161,205900
2162,206000
2163,205900
2164,205700
2165,205300
2166,206100
2167,206200
2168,206100
2169,205900
2170,205500
2171,206300
2172,206400
2173,206500
2174,206600
2175,206700
2176,206600
2177,206400
2178,206000
2179,205200
2180,206800
2181,206900
2182,206800
2183,206600
2184,206200
2185,207000
2186,206900
2187,206700
2188,206300
2189,205500
2190,203900
2191,200700
2192,207100
2193,207000
2194,206800
2195,207200
2196,207300
2197,207400
2198,207500
2199,207400
2200,207600
2201,207500
2202,207300
2203,207700
2204,207600
2205,207800
2206,207700
2207,207900
2208,208000
2209,208100
2210,208000
2211,208200
2212,208100
2213,207900
2214,207500
2215,208300
2216,208200
2217,208400
2218,208500
2219,208400
2220,208600
2221,208700
2222,208600
2223,208800
2224,208700
2225,208500
2226,208900
2227,208800
2228,208600
2229,209000
2230,209100
2231,209000
2232,209200
2233,209100
2234,208900
2235,209300
2236,209200
2237,209000
2238,208600
2239,207800
2240,209400
2241,209500
2242,209400
2243,209200
2244,209600
2245,209500
2246,209700
2247,209800
2248,209700
2249,209500
2250,209900
2251,209800
2252,210000
2253,210100
2254,210000
2255,210200
2256,210300
2257,210400
2258,210500
2259,210400
2260,210200
2261,209800
2262,209000
2263,207400
2264,204200
2265,197800
2266,185000
2267,210600
2268,210700
2269,210800
2270,210900
2271,210800
2272,210600
2273,210200
2274,209400
2275,211000
2276,210900
2277,211100
2278,211200
2279,211300
2280,211200
2281,211400
2282,211300
2283,211100
2284,211500
2285,211600
2286,211500
2287,211300
2288,211700
2289,211800
2290,211700
2291,211900
2292,212000
2293,212100
2294,212000
2295,212200
2296,212100
2297,212300
2298,212400
2299,212300
2300,212500
2301,212400
2302,212600
2303,212700
2304,212800
2305,212700
2306,212500
2307,212900
2308,213000
2309,213100
2310,213000
2311,212800
2312,213200
2313,213100
2314,213300
2315,213200
2316,213000
2317,213400
2318,213500
2319,213600
2320,213500
2321,213700
2322,213600
2323,213800
2324,213900
2325,213800
2326,214000
2327,214100
2328,214200
2329,214100
2330,213900
2331,213500
2332,214300
2333,214200
2334,214400
2335,214300
2336,214100
2337,213700
2338,214500
2339,214400
2340,214600
2341,214700
2342,214600
2343,214800
2344,214700
2345,214500
2346,214100
2347,214900
2348,214800
2349,214600
2350,215000
2351,215100
2352,215200
2353,215100
2354,215300
2355,215200
2356,215400
2357,215500
2358,215600
2359,215500
2360,215300
2361,214900
2362,215700
2363,215800
2364,215700
2365,215900
2366,215800
2367,216000
2368,216100
2369,216000
2370,216200
2371,216100
2372,216300
2373,216200
2374,216400
2375,216300
2376,216100
2377,215700
2378,216500
2379,216600
2380,216500
2381,216700
2382,216600
2383,216400
2384,216000
2385,216800
2386,216900
2387,217000
2388,217100
2389,217200
2390,217100
2391,216900
2392,216500
2393,215700
2394,217300
2395,217200
2396,217000
2397,216600
2398,215800
2399,217400
2400,217500
2401,217600
2402,217500
2403,217300
2404,216900
2405,217700
2406,217800
2407,217900
2408,218000
2409,218100
2410,218200
2411,218300
2412,218200
2413,218400
2414,218500
2415,218600
2416,218500
2417,218300
2418,217900
2419,217100
2420,215500
2421,212300
2422,218700
2423,218800
2424,218900
2425,219000
2426,218900
2427,218700
2428,218300
2429,219100
2430,219000
2431,219200
2432,219300
2433,219200
2434,219000
2435,219400
2436,219500
2437,219400
2438,219600
2439,219700
2440,219600
2441,219400
2442,219800
2443,219900
2444,220000
2445,220100
2446,220200
2447,220100
2448,220300
2449,220400
2450,220300
2451,220100
2452,220500
2453,220400
2454,220600
2455,220500
2456,220300
2457,220700
2458,220600
2459,220400
2460,220000
2461,219200
2462,220800
2463,220700
2464,220900
2465,220800
2466,221000
2467,221100
2468,221000
2469,220800
2470,220400
2471,219600
2472,221200
2473,221100
2474,220900
2475,220500
2476,219700
2477,218100
2478,221300
2479,221200
2480,221400
2481,221500
2482,221600
2483,221500
2484,221700
2485,221600
2486,221800
2487,221900
2488,221800
2489,222000
2490,222100
2491,222200
2492,222300
2493,222200
2494,222400
2495,222300
2496,222100
2497,221700
2498,222500
2499,222400
2500,222200
2501,221800
2502,221000
2503,219400
2504,216200
2505,209800
2506,197000
2507,171400
2508,120200
2509,17800
2510,35600
2511,35500
2512,35300
2513,34900
2514,34100
2515,32500
2516,35700
2517,35600
2518,35400
2519,35800
2520,35900
2521,36000
2522,36100
2523,36000
2524,35800
2525,35400
2526,36200
2527,36300
2528,36400
2529,36300
2530,36100
2531,35700
2532,36500
2533,36400
2534,36600
2535,36700
2536,36600
2537,36800
2538,36700
2539,36500
2540,36900
2541,37000
2542,36900
2543,36700
2544,36300
2545,35500
2546,37100
2547,37200
2548,37300
2549,37400
2550,37300
2551,37500
2552,37600
2553,37700
2554,37800
2555,37700
2556,37900
2557,37800
2558,38000
2559,38100
2560,38200
2561,38100
2562,38300
2563,38400
2564,38300
2565,38500
2566,38400
2567,38200
2568,38600
2569,38700
2570,38600
2571,38800
2572,38700
2573,38500
2574,38900
2575,39000
2576,39100
2577,39000
2578,39200
2579,39100
2580,38900
2581,38500
2582,39300
2583,39200
2584,39000
2585,39400
2586,39500
2587,39400
2588,39200
2589,39600
2590,39700
2591,39800
2592,39700
2593,39900
2594,39800
2595,39600
2596,39200
2597,40000
2598,39900
2599,40100
2600,40200
2601,40300
2602,40200
2603,40400
2604,40500
2605,40600
2606,40700
2607,40600
2608,40400
2609,40800
2610,40700
2611,40900
2612,40800
2613,40600
2614,40200
2615,39400
2616,37800
2617,41000
2618,41100
2619,41000
2620,40800
2621,41200
2622,41100
2623,41300
2624,41400
2625,41300
2626,41100
2627,41500
2628,41400
2629,41200
2630,41600
2631,41500
2632,41700
2633,41600
2634,41400
2635,41000
2636,40200
2637,38600
2638,41800
2639,41900
2640,41800
2641,42000
2642,41900
2643,41700
2644,41300
2645,42100
2646,42000
2647,42200
2648,42300
2649,42400
2650,42300
2651,42500
2652,42400
2653,42200
2654,42600
2655,42700
2656,42600
2657,42800
2658,42700
2659,42900
2660,43000
2661,43100
2662,43200
2663,43100
2664,43300
2665,43400
2666,43500
2667,43400
2668,43600
2669,43700
2670,43800
2671,43700
2672,43500
2673,43900
2674,44000
2675,44100
2676,44000
2677,43800
2678,44200
2679,44300
2680,44400
2681,44300
2682,44100
2683,43700
2684,42900
2685,41300
2686,38100
2687,44500
2688,44600
2689,44500
2690,44700
2691,44800
2692,44900
2693,45000
2694,44900
2695,45100
2696,45000
2697,44800
2698,44400
2699,45200
2700,45100
2701,45300
2702,45200
2703,45000
2704,45400
2705,45500
2706,45600
2707,45500
2708,45700
2709,45600
2710,45400
2711,45000
2712,44200
2713,45800
2714,45700
2715,45500
2716,45100
2717,44300
2718,42700
2719,39500
2720,33100
2721,45900
2722,46000
2723,46100
2724,46200
2725,46300
2726,46200
2727,46400
2728,46300
2729,46100
2730,45700
2731,46500
2732,46400
2733,46600
2734,46700
2735,46600
2736,46400
2737,46000
2738,45200
2739,46800
2740,46900
2741,47000
2742,47100
2743,47200
2744,47300
2745,47200
2746,47000
2747,47400
2748,47500
2749,47600
2750,47700
2751,47600
2752,47400
2753,47800
2754,47700
2755,47900
2756,48000
2757,48100
2758,48200
2759,48100
2760,47900
2761,48300
2762,48200
2763,48400
2764,48500
2765,48400
2766,48600
2767,48700
2768,48800
2769,48900
2770,48800
2771,48600
2772,49000
2773,49100
2774,49200
2775,49300
2776,49400
2777,49300
2778,49500
2779,49600
2780,49500
2781,49700
2782,49800
2783,49700
2784,49900
2785,50000
2786,49900
2787,50100
2788,50000
2789,49800
2790,49400
2791,50200
2792,50100
2793,50300
2794,50400
2795,50300
2796,50100
2797,49700
2798,50500
2799,50600
2800,50700
2801,50800
2802,50700
2803,50500
2804,50100
2805,50900
2806,50800
2807,51000
2808,50900
2809,51100
2810,51200
2811,51300
2812,51200
2813,51000
2814,51400
2815,51300
2816,51500
2817,51400
2818,51600
2819,51700
2820,51600
2821,51800
2822,51700
2823,51900
2824,52000
2825,51900
2826,51700
2827,51300
2828,50500
2829,48900
2830,45700
2831,52100
2832,52200
2833,52100
2834,52300
2835,52400
2836,52300
2837,52100
2838,52500
2839,52400
2840,52200
2841,51800
2842,52600
2843,52500
2844,52300
2845,52700
2846,52600
2847,52400
2848,52800
2849,52900
2850,53000
2851,53100
2852,53000
2853,52800
2854,52400
2855,53200
2856,53300
2857,53200
2858,53000
2859,53400
2860,53300
2861,53100
2862,53500
2863,53400
2864,53600
2865,53500
2866,53300
2867,52900
2868,52100
2869,50500
2870,47300
2871,40900
2872,28100
2873,53700
2874,53600
2875,53800
2876,53700
2877,53500
2878,53900
2879,53800
2880,54000
2881,53900
2882,54100
2883,54200
2884,54100
2885,53900
2886,54300
2887,54400
2888,54300
2889,54500
2890,54400
2891,54200
2892,53800
2893,54600
2894,54500
2895,54300
2896,53900
2897,54700
2898,54800
2899,54900
2900,55000
2901,54900
2902,55100
2903,55200
2904,55300
2905,55200
2906,55400
2907,55300
2908,55100
2909,55500
2910,55600
2911,55500
2912,55700
2913,55800
2914,55900
2915,55800
2916,56000
2917,56100
2918,56000
2919,55800
2920,56200
2921,56100
2922,56300
2923,56200
2924,56400
2925,56300
2926,56100
2927,56500
2928,56600
2929,56700
2930,56600
2931,56400
2932,56800
2933,56700
2934,56500
2935,56100
2936,56900
2937,56800
2938,57000
2939,57100
2940,57200
2941,57300
2942,57200
2943,57400
2944,57500
2945,57600
2946,57500
2947,57700
2948,57600
2949,57800
2950,57700
2951,57900
2952,57800
2953,58000
2954,57900
2955,58100
2956,58200
2957,58300
2958,58200
2959,58400
2960,58300
2961,58100
2962,57700
2963,58500
2964,58400
2965,58600
2966,58700
2967,58800
2968,58700
2969,58900
2970,59000
2971,59100
2972,59000
2973,58800
2974,58400
2975,57600
2976,59200
2977,59300
2978,59400
2979,59300
2980,59100
2981,59500
2982,59400
2983,59200
2984,59600
2985,59500
2986,59300
2987,58900
2988,59700
2989,59600
2990,59800
2991,59900
2992,60000
2993,59900
2994,59700
2995,60100
2996,60000
2997,59800
2998,59400
2999,60200
3000,60300
3001,60200
3002,60000
3003,59600
3004,60400
3005,60300
3006,60500
3007,60400
3008,60600
3009,60500
3010,60300
3011,59900
3012,59100
3013,57500
3014,54300
3015,47900
3016,60700
3017,60800
3018,60700
3019,60500
3020,60100
3021,59300
3022,60900
3023,60800
3024,61000
3025,61100
3026,61000
3027,61200
3028,61100
3029,61300
3030,61200
3031,61400
3032,61500
3033,61400
3034,61600
3035,61700
3036,61600
3037,61800
3038,61900
3039,61800
3040,62000
3041,62100
3042,62200
3043,62300
3044,62200
3045,62000
3046,61600
3047,60800
3048,62400
3049,62300
3050,62100
3051,61700
3052,60900
3053,59300
3054,56100
3055,62500
3056,62400
3057,62200
3058,61800
3059,62600
3060,62700
3061,62600
3062,62400
3063,62000
3064,61200
3065,62800
3066,62900
3067,62800
3068,63000
3069,62900
3070,62700
3071,62300
3072,63100
3073,63000
3074,62800
3075,62400
3076,61600
3077,60000
3078,56800
3079,63200
3080,63100
3081,63300
3082,63200
3083,63000
3084,62600
3085,63400
3086,63300
3087,63500
3088,63600
3089,63500
3090,63700
3091,63600
3092,63800
3093,63700
3094,63900
3095,63800
3096,63600
3097,63200
3098,64000
3099,64100
3100,64000
3101,64200
3102,64100
3103,63900
3104,64300
3105,64200
3106,64000
3107,63600
3108,64400
3109,64500
3110,64600
3111,64700
3112,64600
3113,64400
3114,64800
3115,64700
3116,64500
3117,64900
3118,64800
3119,65000
3120,64900
3121,65100
3122,65000
3123,64800
3124,64400
3125,63600
3126,65200
3127,65100
3128,65300
3129,65200
3130,65400
3131,65300
3132,65100
3133,64700
3134,63900
3135,65500
3136,65600
3137,65500
3138,65300
3139,65700
3140,65600
3141,65400
3142,65000
3143,64200
3144,62600
3145,65800
3146,65700
3147,65500
3148,65100
3149,64300
3150,62700
3151,65900
3152,65800
3153,65600
3154,65200
3155,64400
3156,66000
3157,66100
3158,66000
3159,66200
3160,66100
3161,65900
3162,65500
3163,64700
3164,63100
3165,66300
3166,66400
3167,66300
3168,66500
3169,66400
3170,66200
3171,65800
3172,65000
3173,63400
3174,66600
3175,66700
3176,66600
3177,66800
3178,66700
3179,66900
3180,66800
3181,67000
3182,67100
3183,67000
3184,66800
3185,66400
3186,65600
3187,64000
3188,67200
3189,67100
3190,67300
3191,67200
3192,67400
3193,67500
3194,67400
3195,67600
3196,67700
3197,67600
3198,67800
3199,67900
3200,67800
3201,67600
3202,68000
3203,67900
3204,67700
3205,68100
3206,68200
3207,68100
3208,67900
3209,67500
3210,68300
3211,68200
3212,68400
3213,68300
3214,68500
3215,68400
3216,68200
3217,68600
3218,68700
3219,68600
3220,68800
3221,68900
3222,68800
3223,68600
3224,68200
3225,67400
3226,69000
3227,69100
3228,69000
3229,69200
3230,69300
3231,69200
3232,69000
3233,69400
3234,69300
3235,69100
3236,68700
3237,69500
3238,69600
3239,69500
3240,69300
3241,69700
3242,69800
3243,69700
3244,69500
3245,69900
3246,70000
3247,69900
3248,69700
3249,70100
3250,70000
3251,69800
3252,70200
3253,70100
3254,70300
3255,70400
3256,70500
3257,70600
3258,70700
3259,70600
3260,70800
3261,70900
3262,70800
3263,71000
3264,70900
3265,71100
3266,71200
3267,71300
3268,71200
3269,71400
3270,71300
3271,71100
3272,71500
3273,71400
3274,71600
3275,71500
3276,71700
3277,71600
3278,71400
3279,71000
3280,70200
3281,68600
3282,65400
3283,59000
3284,46200
3285,20600
3286,41200
3287,41300
3288,41400
3289,41300
3290,41100
3291,40700
3292,41500
3293,41400
3294,41600
3295,41500
3296,41700
3297,41800
3298,41700
3299,41500
3300,41900
3301,41800
3302,42000
3303,41900
3304,41700
3305,42100
3306,42000
3307,41800
3308,42200
3309,42300
3310,42400
3311,42300
3312,42500
3313,42600
3314,42700
3315,42800
3316,42900
3317,42800
3318,42600
3319,42200
3320,43000
3321,42900
3322,43100
3323,43000
3324,43200
3325,43300
3326,43400
3327,43300
3328,43100
3329,43500
3330,43400
3331,43200
3332,42800
3333,43600
3334,43500
3335,43700
3336,43800
3337,43900
3338,44000
3339,43900
3340,44100
3341,44000
3342,43800
3343,43400
3344,42600
3345,44200
3346,44300
3347,44200
3348,44400
3349,44300
3350,44100
3351,44500
3352,44600
3353,44500
3354,44300
3355,43900
3356,44700
3357,44800
3358,44700
3359,44900
3360,45000
3361,45100
3362,45000
3363,44800
3364,45200
3365,45100
3366,44900
3367,45300
3368,45200
3369,45000
3370,45400
3371,45500
3372,45400
3373,45600
3374,45500
3375,45700
3376,45800
3377,45900
3378,46000
3379,45900
3380,46100
3381,46200
3382,46300
3383,46200
3384,46400
3385,46300
3386,46100
3387,46500
3388,46600
3389,46500
3390,46300
3391,46700
3392,46600
3393,46400
3394,46000
3395,46800
3396,46900
3397,46800
3398,47000
3399,47100
3400,47000
3401,46800
3402,47200
3403,47100
3404,46900
3405,46500
3406,45700
3407,44100
3408,47300
3409,47200
3410,47000
3411,46600
3412,47400
3413,47300
3414,47100
3415,46700
3416,45900
3417,44300
3418,41100
3419,47500
3420,47400
3421,47600
3422,47500
3423,47300
3424,46900
3425,47700
3426,47600
3427,47800
3428,47700
3429,47500
3430,47100
3431,46300
3432,44700
3433,41500
3434,47900
3435,48000
3436,48100
3437,48000
3438,47800
3439,47400
3440,46600
3441,48200
3442,48300
3443,48200
3444,48000
3445,47600
3446,46800
3447,45200
3448,48400
3449,48300
3450,48500
3451,48400
3452,48600
3453,48500
3454,48700
3455,48600
3456,48400
3457,48000
3458,48800
3459,48900
3460,49000
3461,48900
3462,48700
3463,48300
3464,47500
3465,49100
3466,49000
3467,48800
3468,48400
3469,47600
3470,46000
3471,42800
3472,36400
3473,49200
3474,49100
3475,49300
3476,49400
3477,49300
3478,49100
3479,48700
3480,47900
3481,46300
3482,43100
3483,36700
3484,49500
3485,49400
3486,49200
3487,49600
3488,49700
3489,49800
3490,49900
3491,49800
3492,50000
3493,49900
3494,49700
3495,50100
3496,50000
3497,49800
3498,49400
3499,50200
3500,50300
3501,50400
3502,50300
3503,50100
3504,49700
3505,48900
3506,50500
3507,50400
3508,50600
3509,50500
3510,50700
3511,50600
3512,50400
3513,50000
3514,50800
3515,50900
3516,50800
3517,51000
3518,51100
3519,51000
3520,50800
3521,50400
3522,49600
3523,51200
3524,51100
3525,50900
3526,50500
3527,49700
3528,51300
3529,51400
3530,51300
3531,51100
3532,50700
3533,49900
3534,48300
3535,45100
3536,38700
3537,51500
3538,51400
3539,51200
3540,50800
3541,50000
3542,48400
3543,45200
3544,38800
3545,51600
3546,51500
3547,51300
3548,50900
3549,50100
3550,48500
3551,45300
3552,51700
3553,51600
3554,51400
3555,51000
3556,50200
3557,51800
3558,51700
3559,51500
3560,51900
3561,51800
3562,52000
3563,52100
3564,52200
3565,52300
3566,52400
3567,52300
3568,52100
3569,52500
3570,52400
3571,52600
3572,52500
3573,52700
3574,52800
3575,52900
3576,52800
3577,53000
3578,53100
3579,53200
3580,53300
3581,53200
3582,53400
3583,53300
3584,53500
3585,53400
3586,53600
3587,53700
3588,53800
3589,53900
3590,54000
3591,53900
3592,54100
3593,54200
3594,54100
3595,54300
3596,54400
3597,54300
3598,54100
3599,53700
3600,52900
3601,54500
3602,54600
3603,54500
3604,54300
3605,53900
3606,54700
3607,54600
3608,54800
3609,54900
3610,54800
3611,54600
3612,55000
3613,54900
3614,55100
3615,55200
3616,55300
3617,55400
3618,55300
3619,55100
3620,55500
3621,55600
3622,55500
3623,55700
3624,55600
3625,55400
3626,55800
3627,55700
3628,55500
3629,55900
3630,55800
3631,55600
3632,55200
3633,54400
3634,56000
3635,56100
3636,56200
3637,56100
3638,56300
3639,56400
3640,56300
3641,56500
3642,56400
3643,56600
3644,56700
3645,56800
3646,56700
3647,56500
3648,56900
3649,57000
3650,57100
3651,57200
3652,57100
3653,56900
3654,56500
3655,55700
3656,57300
3657,57400
3658,57500
3659,57600
3660,57700
3661,57800
3662,57700
3663,57900
3664,58000
3665,57900
3666,57700
3667,58100
3668,58200
3669,58300
3670,58400
3671,58500
3672,58400
3673,58600
3674,58700
3675,58600
3676,58400
3677,58000
3678,57200
3679,55600
3680,58800
3681,58900
3682,58800
3683,58600
3684,59000
3685,58900
3686,58700
3687,58300
3688,57500
3689,59100
3690,59000
3691,59200
3692,59300
3693,59400
3694,59500
3695,59600
3696,59700
3697,59600
3698,59800
3699,59900
3700,60000
3701,60100
3702,60000
3703,59800
3704,59400
3705,60200
3706,60300
3707,60400
3708,60300
3709,60100
3710,59700
3711,60500
3712,60400
3713,60200
3714,60600
3715,60700
3716,60600
3717,60800
3718,60700
3719,60900
3720,60800
3721,61000
3722,60900
3723,61100
3724,61000
3725,61200
3726,61100
3727,61300
3728,61400
3729,61300
3730,61500
3731,61600
3732,61500
3733,61700
3734,61600
3735,61800
3736,61700
3737,61900
3738,62000
3739,61900
3740,62100
3741,62200
3742,62300
3743,62400
3744,62500
3745,62600
3746,62700
3747,62600
3748,62400
3749,62800
3750,62700
3751,62500
3752,62900
3753,63000
3754,63100
3755,63000
3756,62800
3757,62400
3758,63200
3759,63300
3760,63200
3761,63400
3762,63500
3763,63400
3764,63200
3765,62800
3766,63600
3767,63500
3768,63300
3769,63700
3770,63600
3771,63800
3772,63900
3773,63800
3774,63600
3775,63200
3776,64000
3777,63900
3778,64100
3779,64000
3780,63800
3781,63400
3782,64200
3783,64300
3784,64200
3785,64400
3786,64500
3787,64600
3788,64700
3789,64800
3790,64700
3791,64900
3792,65000
3793,65100
3794,65200
3795,65300
3796,65200
3797,65400
3798,65300
3799,65100
3800,65500
3801,65400
3802,65600
3803,65700
3804,65600
3805,65800
3806,65900
3807,66000
3808,66100
3809,66000
3810,65800
3811,66200
3812,66100
3813,65900
3814,65500
3815,66300
3816,66200
3817,66400
3818,66300
3819,66100
3820,66500
3821,66400
3822,66600
3823,66700
3824,66600
3825,66800
3826,66900
3827,66800
3828,67000
3829,67100
3830,67200
3831,67300
3832,67400
3833,67300
3834,67100
3835,67500
3836,67600
3837,67700
3838,67800
3839,67900
3840,68000
3841,68100
3842,68000
3843,67800
3844,67400
3845,66600
3846,68200
3847,68300
3848,68400
3849,68300
3850,68500
3851,68600
3852,68500
3853,68700
3854,68800
3855,68700
3856,68900
3857,69000
3858,68900
3859,68700
3860,69100
3861,69000
3862,68800
3863,69200
3864,69300
3865,69200
3866,69400
3867,69300
3868,69500
3869,69600
3870,69700
3871,69600
3872,69400
3873,69000
3874,69800
3875,69900
3876,69800
3877,70000
3878,70100
3879,70200
3880,70100
3881,70300
3882,70400
3883,70300
3884,70100
3885,69700
3886,68900
3887,70500
3888,70600
3889,70700
3890,70600
3891,70800
3892,70900
3893,71000
3894,71100
3895,71200
3896,71100
3897,71300
3898,71200
3899,71400
3900,71500
3901,71400
3902,71600
3903,71700
3904,71600
3905,71400
3906,71800
3907,71700
3908,71900
3909,72000
3910,72100
3911,72200
3912,72100
3913,71900
3914,72300
3915,72400
3916,72500
3917,72400
3918,72200
3919,71800
3920,71000
3921,69400
3922,66200
3923,59800
3924,47000
3925,72600
3926,72500
3927,72300
3928,71900
3929,71100
3930,69500
3931,72700
3932,72600
3933,72800
3934,72900
3935,72800
3936,73000
3937,73100
3938,73000
3939,72800
3940,73200
3941,73100
3942,73300
3943,73400
3944,73300
3945,73100
3946,73500
3947,73400
3948,73600
3949,73700
3950,73800
3951,73700
3952,73500
3953,73900
3954,73800
3955,73600
3956,74000
3957,74100
3958,74200
3959,74300
3960,74200
3961,74400
3962,74300
3963,74500
3964,74600
3965,74700
3966,74800
3967,74700
3968,74900
3969,75000
3970,74900
3971,75100
3972,75200
3973,75300
3974,75200
3975,75400
3976,75500
3977,75600
3978,75700
3979,75800
3980,75700
3981,75500
3982,75100
3983,74300
3984,72700
3985,69500
3986,63100
3987,50300
3988,75900
3989,76000
3990,75900
3991,75700
3992,76100
3993,76200
3994,76300
3995,76200
3996,76400
3997,76500
3998,76400
3999,76200
4000,76600
4001,76500
4002,76700
4003,76800
4004,76700
4005,76900
4006,76800
4007,76600
4008,76200
4009,77000
4010,77100
4011,77200
4012,77300
4013,77200
4014,77400
4015,77300
4016,77100
4017,76700
4018,75900
4019,74300
4020,71100
4021,64700
4022,77500
4023,77600
4024,77700
4025,77600
4026,77800
4027,77700
4028,77500
4029,77900
4030,78000
4031,77900
4032,78100
4033,78000
4034,78200
4035,78300
4036,78400
4037,78500
4038,78600
4039,78500
4040,78700
4041,78600
4042,78400
4043,78000
4044,77200
4045,75600
4046,78800
4047,78900
4048,79000
4049,78900
4050,78700
4051,79100
4052,79000
4053,78800
4054,78400
4055,79200
4056,79100
4057,78900
4058,78500
4059,79300
4060,79400
4061,79300
4062,79100
4063,78700
4064,79500
4065,79600
4066,79700
4067,79600
4068,79400
4069,79800
4070,79700
4071,79500
4072,79900
4073,80000
4074,79900
4075,79700
4076,79300
4077,78500
4078,80100
4079,80200
4080,80100
4081,80300
4082,80400
4083,80500
4084,80600
4085,80500
4086,80300
4087,79900
4088,79100
4089,77500
4090,80700
4091,80600
4092,80400
4093,80800
4094,80700
4095,80500
4096,80900
4097,80800
4098,80600
4099,81000
4100,80900
4101,81100
4102,81000
4103,80800
4104,81200
4105,81100
4106,81300
4107,81400
4108,81300
4109,81500
4110,81400
4111,81600
4112,81500
4113,81300
4114,80900
4115,80100
4116,81700
4117,81600
4118,81400
4119,81800
4120,81900
4121,81800
4122,81600
4123,82000
4124,82100
4125,82000
4126,81800
4127,82200
4128,82300
4129,82200
4130,82400
4131,82500
4132,82400
4133,82600
4134,82700
4135,82800
4136,82900
4137,82800
4138,83000
4139,82900
4140,82700
4141,82300
4142,81500
4143,83100
4144,83200
4145,83100
4146,83300
4147,83400
4148,83300
4149,83500
4150,83400
4151,83600
4152,83700
4153,83800
4154,83900
4155,84000
4156,84100
4157,84200
4158,84300
4159,84200
4160,84000
4161,84400
4162,84500
4163,84400
4164,84200
4165,83800
4166,84600
4167,84500
4168,84700
4169,84800
4170,84700
4171,84900
4172,84800
4173,85000
4174,84900
4175,85100
4176,85000
4177,85200
4178,85100
4179,85300
4180,85200
4181,85000
4182,84600
4183,83800
4184,82200
4185,85400
4186,85300
4187,85100
4188,84700
4189,85500
4190,85600
4191,85500
4192,85700
4193,85600
4194,85800
4195,85900
4196,85800
4197,85600
4198,86000
4199,85900
4200,85700
4201,86100
4202,86000
4203,85800
4204,85400
4205,86200
4206,86100
4207,85900
4208,85500
4209,84700
4210,83100
4211,86300
4212,86200
4213,86000
4214,86400
4215,86500
4216,86600
4217,86500
4218,86700
4219,86800
4220,86900
4221,86800
4222,87000
4223,87100
4224,87200
4225,87100
4226,87300
4227,87400
4228,87300
4229,87100
4230,86700
4231,87500
4232,87400
4233,87200
4234,87600
4235,87500
4236,87300
4237,87700
4238,87600
4239,87400
4240,87000
4241,86200
4242,87800
4243,87700
4244,87500
4245,87900
4246,87800
4247,88000
4248,87900
4249,87700
4250,87300
4251,88100
4252,88000
4253,87800
4254,88200
4255,88300
4256,88400
4257,88300
4258,88500
4259,88600
4260,88700
4261,88600
4262,88800
4263,88900
4264,88800
4265,88600
4266,89000
4267,88900
4268,88700
4269,88300
4270,89100
4271,89200
4272,89300
4273,89200
4274,89000
4275,88600
4276,89400
4277,89500
4278,89400
4279,89200
4280,89600
4281,89700
4282,89600
4283,89400
4284,89000
4285,88200
4286,86600
4287,89800
4288,89900
4289,90000
4290,90100
4291,90200
4292,90100
4293,90300
4294,90200
4295,90400
4296,90300
4297,90100
4298,89700
4299,88900
4300,90500
4301,90400
4302,90600
4303,90700
4304,90600
4305,90400
4306,90800
4307,90900
4308,91000
4309,90900
4310,90700
4311,91100
4312,91200
4313,91100
4314,91300
4315,91200
4316,91400
4317,91300
4318,91500
4319,91400
4320,91600
4321,91700
4322,91600
4323,91800
4324,91700
4325,91500
4326,91100
4327,91900
4328,91800
4329,92000
4330,91900
4331,91700
4332,92100
4333,92200
4334,92300
4335,92200
4336,92000
4337,92400
4338,92500
4339,92400
4340,92200
4341,91800
4342,91000
4343,89400
4344,86200
4345,92600
4346,92700
4347,92800
4348,92700
4349,92900
4350,92800
4351,92600
4352,92200
4353,93000
4354,92900
4355,93100
4356,93200
4357,93300
4358,93200
4359,93400
4360,93500
4361,93600
4362,93700
4363,93600
4364,93400
4365,93800
4366,93700
4367,93500
4368,93900
4369,94000
4370,94100
4371,94000
4372,94200
4373,94300
4374,94200
4375,94400
4376,94300
4377,94100
4378,94500
4379,94600
4380,94700
4381,94800
4382,94900
4383,94800
4384,95000
4385,95100
4386,95200
4387,95300
4388,95200
4389,95400
4390,95500
4391,95400
4392,95600
4393,95700
4394,95800
4395,95700
4396,95900
4397,96000
4398,96100
4399,96000
4400,95800
4401,95400
4402,96200
4403,96100
4404,96300
4405,96400
4406,96500
4407,96400
4408,96200
4409,95800
4410,96600
4411,96500
4412,96700
4413,96600
4414,96800
4415,96900
4416,96800
4417,97000
4418,97100
4419,97200
4420,97300
4421,97400
4422,97500
4423,97400
4424,97600
4425,97500
4426,97300
4427,97700
4428,97600
4429,97400
4430,97800
4431,97700
4432,97900
4433,98000
4434,98100
4435,98000
4436,98200
4437,98100
4438,98300
4439,98400
4440,98300
4441,98100
4442,98500
4443,98400
4444,98600
4445,98700
4446,98800
4447,98900
4448,98800
4449,99000
4450,99100
4451,99200
4452,99100
4453,99300
4454,99400
4455,99500
4456,99600
4457,99500
4458,99300
4459,99700
4460,99600
4461,99400
4462,99800
4463,99900
4464,100000
4465,99900
4466,99700
4467,99300
4468,100100
4469,100000
4470,99800
4471,100200
4472,100100
4473,99900
4474,99500
4475,100300
4476,100200
4477,100000
4478,99600
4479,100400
4480,100300
4481,100500
4482,100600
4483,100500
4484,100700
4485,100600
4486,100800
4487,100900
4488,101000
4489,101100
4490,101200
4491,101100
4492,101300
4493,101400
4494,101500
4495,101400
4496,101200
4497,101600
4498,101500
4499,101300
4500,100900
4501,101700
4502,101600
4503,101400
4504,101800
4505,101900
4506,102000
4507,101900
4508,102100
4509,102200
4510,102100
4511,102300
4512,102400
4513,102500
4514,102400
4515,102600
4516,102700
4517,102800
4518,102700
4519,102900
4520,103000
4521,103100
4522,103000
4523,102800
4524,103200
4525,103100
4526,103300
4527,103200
4528,103000
4529,103400
4530,103300
4531,103500
4532,103600
4533,103500
4534,103700
4535,103800
4536,103900
4537,104000
4538,103900
4539,103700
4540,104100
4541,104000
4542,104200
4543,104100
4544,103900
4545,104300
4546,104400
4547,104500
4548,104400
4549,104200
4550,104600
4551,104700
4552,104800
4553,104700
4554,104900
4555,104800
4556,105000
4557,105100
4558,105000
4559,104800
4560,105200
4561,105100
4562,104900
4563,104500
4564,105300
4565,105400
4566,105300
4567,105500
4568,105600
4569,105700
4570,105800
4571,105900
4572,106000
4573,106100
4574,106000
4575,106200
4576,106300
4577,106200
4578,106000
4579,106400
4580,106300
4581,106500
4582,106600
4583,106700
4584,106600
4585,106400
4586,106800
4587,106700
4588,106900
4589,106800
4590,106600
4591,107000
4592,106900
4593,106700
4594,106300
4595,105500
4596,103900
4597,100700
4598,94300
4599,107100
4600,107000
4601,106800
4602,107200
4603,107300
4604,107200
4605,107400
4606,107500
4607,107600
4608,107700
4609,107600
4610,107800
4611,107900
4612,107800
4613,108000
4614,108100
4615,108200
4616,108100
4617,108300
4618,108200
4619,108000
4620,107600
4621,106800
4622,108400
4623,108300
4624,108100
4625,107700
4626,106900
4627,105300
4628,108500
4629,108400
4630,108200
4631,108600
4632,108500
4633,108700
4634,108600
4635,108400
4636,108000
4637,107200
4638,108800
4639,108900
4640,109000
4641,108900
4642,108700
4643,108300
4644,109100
4645,109200
4646,109100
4647,108900
4648,108500
4649,109300
4650,109400
4651,109500
4652,109400
4653,109600
4654,109700
4655,109800
4656,109700
4657,109500
4658,109100
4659,109900
4660,109800
4661,109600
4662,110000
4663,109900
4664,109700
4665,109300
4666,108500
4667,106900
4668,103700
4669,110100
4670,110200
4671,110300
4672,110400
4673,110500
4674,110400
4675,110600
4676,110700
4677,110600
4678,110800
4679,110700
4680,110900
4681,111000
4682,110900
4683,110700
4684,110300
4685,111100
4686,111000
4687,111200
4688,111300
4689,111200
4690,111400
4691,111300
4692,111100
4693,110700
4694,111500
4695,111600
4696,111700
4697,111800
4698,111700
4699,111500
4700,111900
4701,111800
4702,111600
4703,112000
4704,112100
4705,112200
4706,112100
4707,112300
4708,112400
4709,112300
4710,112100
4711,111700
4712,112500
4713,112600
4714,112500
4715,112300
4716,112700
4717,112800
4718,112700
4719,112500
4720,112900
4721,112800
4722,113000
4723,113100
4724,113000
4725,113200
4726,113100
4727,113300
4728,113200
4729,113400
4730,113300
4731,113100
4732,112700
4733,111900
4734,110300
4735,113500
4736,113400
4737,113200
4738,113600
4739,113500
4740,113700
4741,113800
4742,113900
4743,114000
4744,113900
4745,113700
4746,114100
4747,114000
4748,114200
4749,114100
4750,113900
4751,113500
4752,112700
4753,111100
4754,114300
4755,114400
4756,114500
4757,114400
4758,114600
4759,114700
4760,114600
4761,114800
4762,114700
4763,114500
4764,114100
4765,114900
4766,114800
4767,115000
4768,115100
4769,115000
4770,115200
4771,115100
4772,114900
4773,115300
4774,115400
4775,115500
4776,115400
4777,115600
4778,115700
4779,115800
4780,115900
4781,115800
4782,115600
4783,115200
4784,114400
4785,112800
4786,116000
4787,115900
4788,115700
4789,115300
4790,116100
4791,116200
4792,116300
4793,116400
4794,116300
4795,116500
4796,116400
4797,116200
4798,115800
4799,116600
4800,116500
4801,116700
4802,116800
4803,116900
4804,116800
4805,116600
4806,116200
4807,115400
4808,113800
4809,110600
4810,117000
4811,117100
4812,117000
4813,117200
4814,117300
4815,117200
4816,117000
4817,116600
4818,115800
4819,114200
4820,111000
4821,117400
4822,117300
4823,117100
4824,117500
4825,117600
4826,117500
4827,117700
4828,117600
4829,117400
4830,117800
4831,117900
4832,117800
4833,117600
4834,117200
4835,118000
4836,118100
4837,118000
4838,117800
4839,118200
4840,118100
4841,117900
4842,117500
4843,118300
4844,118400
4845,118300
4846,118100
4847,118500
4848,118600
4849,118700
4850,118600
4851,118800
4852,118700
4853,118500
4854,118100
4855,117300
4856,115700
4857,118900
4858,119000
4859,118900
4860,119100
4861,119200
4862,119100
4863,118900
4864,119300
4865,119200
4866,119400
4867,119300
4868,119500
4869,119600
4870,119500
4871,119300
4872,118900
4873,118100
4874,119700
4875,119800
4876,119700
4877,119900
4878,119800
4879,119600
4880,120000
4881,119900
4882,119700
4883,119300
4884,120100
4885,120200
4886,120100
4887,120300
4888,120200
4889,120400
4890,120300
4891,120100
4892,119700
4893,120500
4894,120400
4895,120600
4896,120500
4897,120700
4898,120800
4899,120900
4900,121000
4901,120900
4902,121100
4903,121000
4904,120800
4905,120400
4906,121200
4907,121100
4908,120900
4909,121300
4910,121400
4911,121300
4912,121100
4913,120700
4914,119900
4915,121500
4916,121400
4917,121200
4918,120800
4919,120000
4920,118400
4921,115200
4922,121600
4923,121500
4924,121300
4925,120900
4926,120100
4927,118500
4928,121700
4929,121800
4930,121900
4931,121800
4932,122000
4933,122100
4934,122000
4935,121800
4936,121400
4937,122200
4938,122100
4939,122300
4940,122400
4941,122500
4942,122600
4943,122700
4944,122800
4945,122900
4946,123000
4947,123100
4948,123000
4949,123200
4950,123100
4951,123300
4952,123200
4953,123000
4954,122600
4955,121800
4956,120200
4957,117000
4958,123400
4959,123500
4960,123600
4961,123500
4962,123300
4963,122900
4964,123700
4965,123800
4966,123700
4967,123900
4968,123800
4969,124000
4970,123900
4971,124100
4972,124200
4973,124100
4974,124300
4975,124200
4976,124000
4977,123600
4978,122800
4979,124400
4980,124500
4981,124600
4982,124700
4983,124600
4984,124400
4985,124000
4986,123200
4987,124800
4988,124700
4989,124500
4990,124900
4991,124800
4992,124600
4993,125000
4994,125100
4995,125000
4996,125200
4997,125300
4998,125200
4999,125000
5000,125400
5001,125500
5002,125600
5003,125500
5004,125700
5005,125600
5006,125800
5007,125700
5008,125900
5009,126000
5010,126100
5011,126000
5012,126200
5013,126100
5014,126300
5015,126200
5016,126400
5017,126500
5018,126400
5019,126200
5020,126600
5021,126700
5022,126600
5023,126400
5024,126000
5025,126800
5026,126900
5027,126800
5028,126600
5029,127000
5030,126900
5031,126700
5032,126300
5033,127100
5034,127200
5035,127300
5036,127200
5037,127400
5038,127300
5039,127100
5040,126700
5041,125900
5042,124300
5043,127500
5044,127400
5045,127600
5046,127700
5047,127600
5048,127800
5049,127900
5050,127800
5051,128000
5052,128100
5053,128200
5054,128300
5055,128200
5056,128000
5057,127600
5058,126800
5059,125200
5060,122000
5061,128400
5062,128500
5063,128400
5064,128200
5065,127800
5066,127000
5067,128600
5068,128500
5069,128300
5070,128700
5071,128600
5072,128800
5073,128900
5074,129000
5075,128900
5076,129100
5077,129200
5078,129300
5079,129200
5080,129000
5081,129400
5082,129300
5083,129100
5084,129500
5085,129400
5086,129600
5087,129700
5088,129800
5089,129900
5090,130000
5091,130100
5092,130200
5093,130100
5094,129900
5095,130300
5096,130200
5097,130000
5098,130400
5099,130500
5100,130600
5101,130700
5102,130600
5103,130800
5104,130700
5105,130900
5106,130800
5107,130600
5108,131000
5109,130900
5110,131100
5111,131200
5112,131300
5113,131400
5114,131300
5115,131100
5116,131500
5117,131400
5118,131200
5119,131600
5120,131700
5121,131800
5122,131900
5123,131800
5124,131600
5125,131200
5126,130400
5127,132000
5128,132100
5129,132200
5130,132300
5131,132400
5132,132300
5133,132100
5134,132500
5135,132400
5136,132200
5137,132600
5138,132500
5139,132700
5140,132800
5141,132700
5142,132500
5143,132100
5144,131300
5145,132900
5146,132800
5147,133000
5148,132900
5149,133100
5150,133000
5151,132800
5152,132400
5153,133200
5154,133100
5155,133300
5156,133400
5157,133500
5158,133600
5159,133700
5160,133600
5161,133400
5162,133800
5163,133700
5164,133500
5165,133900
5166,133800
5167,134000
5168,133900
5169,133700
5170,134100
5171,134200
5172,134300
5173,134400
5174,134300
5175,134100
5176,134500
5177,134600
5178,134700
5179,134800
5180,134900
5181,135000
5182,135100
5183,135200
5184,135100
5185,135300
5186,135200
5187,135400
5188,135300
5189,135500
5190,135600
5191,135700
5192,135600
5193,135400
5194,135000
5195,135800
5196,135900
5197,135800
5198,135600
5199,135200
5200,136000
5201,135900
5202,136100
5203,136000
5204,135800
5205,136200
5206,136100
5207,136300
5208,136200
5209,136400
5210,136300
5211,136500
5212,136600
5213,136500
5214,136300
5215,136700
5216,136600
5217,136800
5218,136900
5219,137000
5220,136900
5221,137100
5222,137000
5223,137200
5224,137100
5225,137300
5226,137400
5227,137500
5228,137400
5229,137600
5230,137700
5231,137600
5232,137800
5233,137900
5234,137800
5235,137600
5236,137200
5237,138000
5238,137900
5239,138100
5240,138000
5241,138200
5242,138100
5243,137900
5244,137500
5245,136700
5246,135100
5247,131900
5248,138300
5249,138200
5250,138400
5251,138300
5252,138100
5253,137700
5254,136900
5255,138500
5256,138600
5257,138700
5258,138600
5259,138400
5260,138000
5261,137200
5262,135600
5263,132400
5264,138800
5265,138700
5266,138900
5267,138800
5268,139000
5269,138900
5270,139100
5271,139200
5272,139300
5273,139200
5274,139400
5275,139300
5276,139100
5277,139500
5278,139400
5279,139200
5280,138800
5281,138000
5282,136400
5283,139600
5284,139500
5285,139300
5286,138900
5287,139700
5288,139800
5289,139700
5290,139500
5291,139100
5292,139900
5293,139800
5294,140000
5295,139900
5296,140100
5297,140200
5298,140100
5299,140300
5300,140400
5301,140500
5302,140600
5303,140700
5304,140800
5305,140700
5306,140900
5307,141000
5308,141100
5309,141000
5310,141200
5311,141100
5312,141300
5313,141200
5314,141000
5315,140600
5316,141400
5317,141300
5318,141500
5319,141600
5320,141500
5321,141700
5322,141800
5323,141900
5324,141800
5325,142000
5326,141900
5327,142100
5328,142200
5329,142300
5330,142200
5331,142400
5332,142300
5333,142500
5334,142600
5335,142700
5336,142600
5337,142400
5338,142000
5339,141200
5340,139600
5341,136400
5342,142800
5343,142900
5344,143000
5345,143100
5346,143000
5347,143200
5348,143100
5349,142900
5350,143300
5351,143200
5352,143000
5353,143400
5354,143500
5355,143600
5356,143500
5357,143300
5358,143700
5359,143600
5360,143400
5361,143800
5362,143900
5363,144000
5364,143900
5365,144100
5366,144000
5367,143800
5368,143400
5369,144200
5370,144100
5371,143900
5372,144300
5373,144400
5374,144300
5375,144100
5376,144500
5377,144600
5378,144500
5379,144300
5380,143900
5381,144700
5382,144600
5383,144800
5384,144900
5385,145000
5386,144900
5387,144700
5388,145100
5389,145000
5390,144800
5391,145200
5392,145100
5393,144900
5394,144500
5395,145300
5396,145400
5397,145500
5398,145600
5399,145500
5400,145300
5401,144900
5402,145700
5403,145600
5404,145800
5405,145900
5406,146000
5407,146100
5408,146200
5409,146100
5410,145900
5411,145500
5412,144700
5413,143100
5414,139900
5415,133500
5416,120700
5417,146300
5418,146200
5419,146000
5420,146400
5421,146300
5422,146100
5423,146500
5424,146600
5425,146500
5426,146300
5427,145900
5428,145100
5429,146700
5430,146600
5431,146800
5432,146700
5433,146500
5434,146100
5435,146900
5436,147000
5437,147100
5438,147200
5439,147300
5440,147200
5441,147400
5442,147300
5443,147500
5444,147400
5445,147200
5446,146800
5447,147600
5448,147700
5449,147800
5450,147700
5451,147900
5452,147800
5453,148000
5454,148100
5455,148000
5456,148200
5457,148100
5458,147900
5459,148300
5460,148200
5461,148000
5462,148400
5463,148500
5464,148400
5465,148200
5466,147800
5467,147000
5468,148600
5469,148500
5470,148700
5471,148600
5472,148400
5473,148800
5474,148700
5475,148900
5476,148800
5477,149000
5478,148900
5479,149100
5480,149000
5481,149200
5482,149100
5483,149300
5484,149400
5485,149500
5486,149600
5487,149500
5488,149700
5489,149600
5490,149800
5491,149700
5492,149500
5493,149900
5494,149800
5495,149600
5496,150000
5497,149900
5498,150100
5499,150200
5500,150100
5501,150300
5502,150200
5503,150000
5504,150400
5505,150300
5506,150100
5507,150500
5508,150600
5509,150500
5510,150300
5511,149900
5512,149100
5513,150700
5514,150800
5515,150700
5516,150500
5517,150100
5518,149300
5519,150900
5520,150800
5521,151000
5522,150900
5523,151100
5524,151200
5525,151300
5526,151200
5527,151400
5528,151500
5529,151400
5530,151200
5531,150800
5532,150000
5533,148400
5534,151600
5535,151500
5536,151700
5537,151600
5538,151800
5539,151900
5540,151800
5541,151600
5542,152000
5543,152100
5544,152200
5545,152300
5546,152200
5547,152400
5548,152500
5549,152400
5550,152600
5551,152500
5552,152300
5553,152700
5554,152600
5555,152800
5556,152700
5557,152900
5558,153000
5559,152900
5560,153100
5561,153000
5562,153200
5563,153300
5564,153200
5565,153000
5566,152600
5567,153400
5568,153300
5569,153100
5570,152700
5571,153500
5572,153400
5573,153200
5574,153600
5575,153700
5576,153600
5577,153800
5578,153700
5579,153900
5580,153800
5581,153600
5582,154000
5583,153900
5584,154100
5585,154200
5586,154300
5587,154200
5588,154000
5589,154400
5590,154500
5591,154400
5592,154200
5593,153800
5594,154600
5595,154500
5596,154300
5597,153900
5598,154700
5599,154600
5600,154800
5601,154900
5602,154800
5603,154600
5604,154200
5605,155000
5606,155100
5607,155200
5608,155100
5609,154900
5610,155300
5611,155400
5612,155300
5613,155500
5614,155600
5615,155700
5616,155600
5617,155400
5618,155000
5619,155800
5620,155900
5621,155800
5622,156000
5623,155900
5624,155700
5625,155300
5626,156100
5627,156000
5628,156200
5629,156300
5630,156400
5631,156500
5632,156400
5633,156200
5634,156600
5635,156700
5636,156800
5637,156900
5638,156800
5639,157000
5640,156900
5641,157100
5642,157200
5643,157100
5644,157300
5645,157400
5646,157500
5647,157400
5648,157600
5649,157700
5650,157600
5651,157800
5652,157900
5653,158000
5654,158100
5655,158000
5656,158200
5657,158100
5658,157900
5659,157500
5660,156700
5661,158300
5662,158400
5663,158500
5664,158600
5665,158700
5666,158600
5667,158400
5668,158800
5669,158700
5670,158500
5671,158100
5672,158900
5673,158800
5674,159000
5675,159100
5676,159200
5677,159100
5678,158900
5679,158500
5680,159300
5681,159200
5682,159400
5683,159300
5684,159100
5685,158700
5686,157900
5687,159500
5688,159400
5689,159600
5690,159700
5691,159600
5692,159400
5693,159000
5694,158200
5695,156600
5696,159800
5697,159900
5698,159800
5699,160000
5700,160100
5701,160200
5702,160100
5703,159900
5704,159500
5705,158700
5706,160300
5707,160200
5708,160000
5709,159600
5710,160400
5711,160500
5712,160600
5713,160700
5714,160800
5715,160700
5716,160900
5717,161000
5718,160900
5719,161100
5720,161200
5721,161300
5722,161200
5723,161400
5724,161300
5725,161500
5726,161400
5727,161200
5728,160800
5729,161600
5730,161700
5731,161800
5732,161900
5733,161800
5734,162000
5735,162100
5736,162000
5737,161800
5738,162200
5739,162100
5740,161900
5741,162300
5742,162200
5743,162000
5744,161600
5745,162400
5746,162300
5747,162500
5748,162400
5749,162600
5750,162700
5751,162600
5752,162800
5753,162900
5754,162800
5755,163000
5756,162900
5757,162700
5758,162300
5759,161500
5760,159900
5761,156700
5762,163100
5763,163200
5764,163300
5765,163400
5766,163300
5767,163500
5768,163600
5769,163700
5770,163800
5771,163700
5772,163500
5773,163900
5774,163800
5775,164000
5776,164100
5777,164200
5778,164100
5779,163900
5780,164300
5781,164200
5782,164400
5783,164500
5784,164400
5785,164200
5786,164600
5787,164500
5788,164300
5789,163900
5790,163100
5791,164700
5792,164600
5793,164800
5794,164700
5795,164900
5796,164800
5797,165000
5798,164900
5799,165100
5800,165000
5801,164800
5802,165200
5803,165100
5804,164900
5805,165300
5806,165200
5807,165000
5808,164600
5809,165400
5810,165300
5811,165100
5812,164700
5813,165500
5814,165600
5815,165500
5816,165700
5817,165600
5818,165400
5819,165000
5820,165800
5821,165900
5822,165800
5823,166000
5824,165900
5825,165700
5826,165300
5827,164500
5828,162900
5829,166100
5830,166000
5831,166200
5832,166100
5833,165900
5834,166300
5835,166200
5836,166000
5837,166400
5838,166500
5839,166400
5840,166600
5841,166500
5842,166300
5843,166700
5844,166600
5845,166800
5846,166700
5847,166500
5848,166100
5849,165300
5850,163700
5851,160500
5852,154100
5853,141300
5854,115700
5855,64500
5856,0
